author,title
Edmundo Peterson,Practice Plot
Young Campos,Bite Desk
Dora Farley,Tictac Joker
Ina Conner,Fork Fuel
Ramona Chan,Tictac Joker
Jamaal Hopkins,Awake Cloud
Hugo Moses,Ride Talk
Ramona Chan,Protective Plastic
Constance Hansen,Frightened Fireman
Carlos Weaver,Subtract Scarf
Darrick Baldwin,Chicken Disgust
Yesenia Solomon,Chaos Cool
Ina Conner,State Stella
Keven Knapp,Aromatic Alarm
Nanette Sheppard,Synonymous Body
Georgina Barnes,Level Table
Randi Stein,Protective Plastic
Young Campos,Chaos Cool
Rosalyn Garza,Faithful Writer
Aisha Chung,Team Alarm
Amelia Kent,Practice Plot
Sheree Larson,Awake Cloud
Edmundo Peterson,Transcribe Thread
Aisha Chung,Camera Class
Carlos Weaver,Punch Net
Edward Figueroa,Beset Dress
Yesenia Solomon,Volcano Vest
Yesenia Solomon,Dull Winter
Aisha Chung,Awake Cloud
Edmundo Peterson,Inspect Ink
Constance Hansen,Arbitrate Reading
Ramona Chan,Knowing Bubble
Orville Mueller,Radar Robin
Ina Conner,Frightened Fireman
Young Campos,Cars Clock
Tina Sanford,Practice Plot
Young Campos,Closed Crack
Brant Silva,Acoustics Advice
Sheree Larson,Synonymous Body
Edward Figueroa,Chicken Disgust
Randi Stein,Sprout Balls
Ezekiel Mclaughlin,Price Pogo
Yesenia Solomon,Practice Plot
Aisha Chung,Relieved Club
Keven Knapp,Letters Plate
Peter Ortiz,Tahiti Romeo
Dora Farley,Well-Groomed Wash
Traci Davis,Team Alarm
Galen Cervantes,Inspect Ink
Lora Jacobson,Mister Monarch
Constance Hansen,Dull Winter
Ramona Chan,Dolphin Gamma
Ina Conner,Virgo Level
Janice Mcgee,Tribal Spark
Hugo Moses,System Wine
Brant Silva,Dull Winter
Ashlee Warren,Transcribe Thread
Rubin Mullins,Industrious Month
Hugo Moses,Wash Winter
Sheree Larson,Faithful Writer
Rosalyn Garza,Dolphin Gamma
Brant Silva,Tahiti Romeo
Victoria Valdez,Knowing Bubble
Nanette Sheppard,Release Scarf
Carmen Werner,Cracker Creature
Lynette Johnson,Bite Desk
Darin Barr,Faithful Writer
Heriberto Andersen,Industrious Month
Amelia Kent,Punch Net
Ashlee Warren,Brick Quartz
Rubin Mullins,Number School
Carlos Weaver,Tenuous Town
Constance Hansen,Dull Winter
Randi Stein,Synonymous Body
Felecia Small,Wild Wool
Carlos Weaver,Fork Fuel
Connie Gibson,Blot Beast
Ezekiel Mclaughlin,Team Alarm
Edmundo Peterson,Mister Monarch
Heriberto Andersen,Cracker Creature
Orville Mueller,Offer Veil
Yesenia Solomon,Forego Straw
Peter Ortiz,Select Suit
Sonja Green,Synonymous Body
Lacy Zavala,Thaw Amusement
Brant Silva,Tenuous Town
Mariana Anderson,Synonymous Body
Jamaal Hopkins,Closed Crack
Brant Silva,Panoramic Pot
Darin Barr,Fork Fuel
Ina Conner,Thaw Amusement
Nathaniel Weiss,Wash Winter
Brenton Ramos,Well-Groomed Wash
Ashlee Warren,Divide Drug
Tina Sanford,Tahiti Romeo
Dylan Carter,System Wine
Young Campos,Fetch Fuel
Victoria Valdez,Virgo Level
Ashlee Warren,Sprout Balls
Neal Berg,Blot Beast
Ramona Chan,Practice Plot
Edmundo Peterson,Abraham Mister
Edward Figueroa,Radar Robin
Devon Finley,Dolphin Gamma
Neal Berg,Run Rub
Hugo Moses,Cars Clock
Yesenia Solomon,Sprout Balls
Edward Figueroa,Chaos Cool
Rubin Mullins,Fork Fuel
Connie Gibson,Team Alarm
Rosalyn Garza,Cap Cannon
Carmen Werner,Radar Robin
Boyd Morgan,Arbitrate Reading
Edmundo Peterson,Trilogy Today
Ezekiel Mclaughlin,Wild Wool
Sonja Green,Awake Cloud
Young Campos,Sprout Balls
Young Campos,Team Alarm
Carmen Werner,Bat Bit
Casandra Robbins,Cracker Creature
Orville Mueller,Frightened Fireman
Ramona Chan,Brother Type
Mose Lambert,Closed Crack
Traci Davis,Faithful Writer
Traci Davis,Level Table
Darrick Baldwin,Virgo Level
Edmundo Peterson,Number School
Orville Mueller,Chicken Disgust
Mose Lambert,Wild Wool
Dylan Carter,Glorious Friends
Orville Mueller,Brazil Oxygen
Orville Mueller,Plane Oatmeal
Lynette Johnson,Well-Groomed Wash
Traci Davis,Trilogy Today
Casandra Robbins,Tahiti Romeo
Edmundo Peterson,System Wine
Constance Hansen,Volcano Vest
Carlos Weaver,Inspect Ink
Constance Hansen,Aromatic Alarm
Hugo Moses,System Wine
Edward Figueroa,Forego Straw
Felecia Small,Forego Straw
Casandra Robbins,Tenuous Town
Lora Jacobson,Frightened Fireman
Nanette Sheppard,Team Alarm
Orville Mueller,State Stella
Amelia Kent,Select Suit
Sonja Green,Bite Desk
Peter Ortiz,Blink Dust
Ashlee Warren,Plane Oatmeal
Randi Stein,Awake Cloud
Casandra Robbins,Wild Wool
Dora Farley,Tribal Spark
Brant Silva,Knowing Bubble
Felecia Small,Thaw Amusement
Brant Silva,Brazil Oxygen
Ina Conner,Blot Beast
Brant Silva,Frightened Fireman
Darrick Baldwin,System Wine
Young Campos,Tenuous Town
Dora Farley,Dolphin Gamma
Casandra Robbins,Wash Winter
Georgina Barnes,Letters Plate
Carmen Werner,Chicken Disgust
Edmundo Peterson,Magic Media
Ramona Chan,Volcano Vest
Darin Barr,Mister Monarch
Mose Lambert,Dolphin Gamma
Hugo Moses,Abraham Mister
Brenton Ramos,Gifted Grandfather
Neal Berg,Volcano Vest
Amelia Kent,Closed Crack
Sonja Green,Fork Fuel
Darrick Baldwin,Level Table
Carmen Werner,Protective Plastic
Amelia Kent,Abraham Mister
Amelia Kent,Select Suit
Hugo Moses,Thaw Amusement
Constance Hansen,Well-Groomed Wash
Dylan Carter,Ride Talk
Nanette Sheppard,Beset Dress
Peter Ortiz,Arbitrate Reading
Ramona Chan,Chaos Cool
Yesenia Solomon,Cubic Clark
Constance Hansen,Cubic Clark
Ina Conner,Mister Monarch
Rosalyn Garza,Trilogy Today
Lora Jacobson,Tahiti Romeo
Peter Ortiz,Smash Sticks
Sonja Green,Run Rub
Nathaniel Weiss,Radar Robin
Keven Knapp,Smash Sticks
Sheree Larson,Awake Cloud
Rubin Mullins,Kitty Prose
Young Campos,Dull Winter
Devon Finley,Well-Groomed Wash
Peter Ortiz,Letters Plate
Ashlee Warren,Subtract Scarf
Darrick Baldwin,Tango Donald
Carmen Werner,Transcribe Thread
Yesenia Solomon,Volcano Vest
Dora Farley,Release Scarf
Mariana Anderson,Tribal Spark
Mose Lambert,Cubic Clark
Edmundo Peterson,Protective Plastic
Lora Jacobson,Tango Donald
Brenton Ramos,Abraham Mister
Brant Silva,Divide Drug
Young Campos,Gainful Swim
Connie Gibson,Number School
Amelia Kent,Tahiti Romeo
Nathaniel Weiss,Tribal Spark
Constance Hansen,Bite Desk
Essie Stanton,Abraham Mister
Heriberto Andersen,Trilogy Today
Aisha Chung,Arbitrate Reading
Boyd Morgan,Awake Cloud
Amelia Kent,Run Rub
Janice Mcgee,Brick Quartz
Galen Cervantes,Tenuous Town
Boyd Morgan,Number School
Galen Cervantes,Volcano Vest
Sheree Larson,Price Pogo
Rubin Mullins,Team Alarm
Rubin Mullins,Forego Straw
Ezekiel Mclaughlin,System Wine
Essie Stanton,Glorious Friends
Amelia Kent,Abraham Mister
Brant Silva,Inspect Ink
Ashlee Warren,Gifted Grandfather
Essie Stanton,Beset Dress
Brenton Ramos,Blink Dust
Aisha Chung,Tahiti Romeo
Edmundo Peterson,Bite Desk
Mose Lambert,Divide Drug
Sonja Green,Subtract Spade
Mariana Anderson,Select Suit
Traci Davis,Select Suit
Ezekiel Mclaughlin,Plane Oatmeal
Carlos Weaver,Cracker Creature
Devon Finley,Team Alarm
Tina Sanford,Sad Man
Lora Jacobson,Tahiti Romeo
Dylan Carter,Wash Winter
Hugo Moses,Frightened Fireman
Yesenia Solomon,Sprout Balls
Brant Silva,Brother Type
Rubin Mullins,Abraham Mister
Boyd Morgan,Mystery Monster
Darrick Baldwin,Mister Monarch
Constance Hansen,Inspect Ink
Tina Sanford,Inspect Ink
Dora Farley,Closed Crack
Dylan Carter,Tictac Joker
Boyd Morgan,Run Rub
Aisha Chung,State Stella
Carlos Weaver,Brother Type
Mariana Anderson,Tictac Joker
Essie Stanton,Infant Igloo
Mose Lambert,Cars Clock
Darin Barr,Camera Class
Nanette Sheppard,Brother Type
Edmundo Peterson,Fetch Fuel
Amelia Kent,Chicken Disgust
Traci Davis,Practice Plot
Galen Cervantes,Mister Monarch
Edward Figueroa,Knowing Bubble
Brant Silva,Ride Talk
Sonja Green,Cars Clock
Young Campos,Thaw Amusement
Lacy Zavala,Well-Groomed Wash
Connie Gibson,Chaos Cool
Traci Davis,Release Scarf
Traci Davis,Gifted Grandfather
Mose Lambert,Arbitrate Reading
Carlos Weaver,Frightened Fireman
Neal Berg,Run Rub
Traci Davis,Transcribe Thread
Yesenia Solomon,Volcano Vest
Hugo Moses,Arbitrate Reading
Randi Stein,Relieved Club
Essie Stanton,Chaos Cool
Janice Mcgee,Punch Net
Brant Silva,Gifted Grandfather
Neal Berg,Radar Robin
Neal Berg,Protective Plastic
Jamaal Hopkins,Tenuous Town
Amelia Kent,Tenuous Town
Victoria Valdez,Blot Beast
Lynette Johnson,Letters Plate
Peter Ortiz,Mystery Monster
Devon Finley,Gifted Grandfather
Galen Cervantes,Number School
Dora Farley,Bat Bit
Yesenia Solomon,Frightened Fireman
Edmundo Peterson,Tictac Joker
Peter Ortiz,Punch Net
Lacy Zavala,Divide Drug
Darin Barr,Tenuous Town
Boyd Morgan,Volcano Vest
Young Campos,Radar Robin
Neal Berg,Cracker Creature
Sonja Green,Trilogy Today
Neal Berg,Trilogy Today
Carlos Weaver,Bite Desk
Carlos Weaver,Brother Type
Aisha Chung,Release Scarf
Felecia Small,Thaw Amusement
Constance Hansen,Cubic Clark
Boyd Morgan,Forego Straw
Casandra Robbins,Tahiti Romeo
Ashlee Warren,Select Suit
Peter Ortiz,Awake Cloud
Randi Stein,Chicken Disgust
Essie Stanton,System Wine
Neal Berg,Punch Net
Rosalyn Garza,Select Suit
Hugo Moses,Cap Cannon
Rosalyn Garza,William Permit
Peter Ortiz,Knowing Bubble
Casandra Robbins,Inspect Ink
Dylan Carter,Tribal Spark
Carmen Werner,Abraham Mister
Carlos Weaver,Subtract Spade
Constance Hansen,Gainful Swim
Lora Jacobson,Cars Clock
Hugo Moses,Abraham Mister
Dylan Carter,Brother Type
Dylan Carter,Wild Wool
Mariana Anderson,Awake Cloud
Ashlee Warren,Volcano Vest
Constance Hansen,Chaos Cool
Lacy Zavala,Meaty Minister
Nanette Sheppard,Price Pogo
Mariana Anderson,Camera Class
Aisha Chung,Wild Wool
Rosalyn Garza,Radar Robin
Ramona Chan,Volcano Vest
Tina Sanford,Chicken Disgust
Nanette Sheppard,Gifted Grandfather
Yesenia Solomon,Knowing Bubble
Lynette Johnson,Brother Type
Yesenia Solomon,Number School
Ina Conner,Wild Wool
Victoria Valdez,Select Suit
Devon Finley,Wash Winter
Brant Silva,Brother Type
Devon Finley,Inspect Ink
Yesenia Solomon,Bite Desk
Carlos Weaver,Magic Media
Hugo Moses,Knowing Bubble
Lynette Johnson,Tictac Joker
Lora Jacobson,Team Alarm
Young Campos,Magic Media
Georgina Barnes,Practice Plot
Brant Silva,Camera Class
Georgina Barnes,Team Alarm
Hugo Moses,Sprout Balls
Constance Hansen,Chicken Disgust
Ezekiel Mclaughlin,Awake Cloud
Galen Cervantes,Volcano Vest
Constance Hansen,Fetch Fuel
Victoria Valdez,William Permit
Victoria Valdez,Plane Oatmeal
Tina Sanford,Mystery Monster
Devon Finley,Bite Desk
Nathaniel Weiss,Acoustics Advice
Tina Sanford,System Wine
Felecia Small,Dolphin Gamma
Brant Silva,Sprout Balls
Brant Silva,Wash Winter
Keven Knapp,Dolphin Gamma
Felecia Small,Fetch Fuel
Ramona Chan,Letters Plate
Mariana Anderson,Closed Crack
Randi Stein,Sprout Balls
Boyd Morgan,Wash Winter
Sheree Larson,Glorious Friends
Ezekiel Mclaughlin,Abraham Mister
Edward Figueroa,Mystery Monster
Edmundo Peterson,Awake Cloud
Heriberto Andersen,Practice Plot
Sonja Green,Well-Groomed Wash
Darin Barr,Virgo Level
Rubin Mullins,Faithful Writer
Janice Mcgee,Dull Winter
Randi Stein,Magic Media
Connie Gibson,Sprout Balls
Nathaniel Weiss,System Wine
Brenton Ramos,Abraham Mister
Tina Sanford,Well-Groomed Wash
Nanette Sheppard,System Wine
Tina Sanford,Price Pogo
Hugo Moses,Beset Dress
Lacy Zavala,Beset Dress
Edward Figueroa,State Stella
Ramona Chan,Team Alarm
Connie Gibson,Blink Dust
Victoria Valdez,Punch Net
Young Campos,Brother Type
Brenton Ramos,Sad Man
Galen Cervantes,Sad Man
Edward Figueroa,Wild Wool
Dylan Carter,Volcano Vest
Jamaal Hopkins,Brother Type
Galen Cervantes,Infant Igloo
Ashlee Warren,Protective Plastic
Ramona Chan,Abraham Mister
Randi Stein,Mystery Monster
Devon Finley,Bite Desk
Ina Conner,Cars Clock
Janice Mcgee,Punch Net
Mariana Anderson,Level Table
Traci Davis,Fetch Fuel
Jamaal Hopkins,Team Alarm
Lacy Zavala,Abraham Mister
Constance Hansen,System Wine
Dylan Carter,Punch Net
Traci Davis,Aromatic Alarm
Casandra Robbins,Protective Plastic
Lynette Johnson,Subtract Scarf
Keven Knapp,Divide Drug
Sonja Green,Bite Desk
Heriberto Andersen,Cubic Clark
Darin Barr,Virgo Level
Randi Stein,Mystery Monster
Boyd Morgan,Tribal Spark
Young Campos,Tenuous Town
Sheree Larson,Synonymous Body
Casandra Robbins,Arbitrate Reading
Ashlee Warren,Bite Desk
Keven Knapp,Blot Beast
Tina Sanford,Level Table
Brenton Ramos,Abraham Mister
Mariana Anderson,Relieved Club
Randi Stein,Release Scarf
Dora Farley,Smash Sticks
Brenton Ramos,Run Rub
Ashlee Warren,Arbitrate Reading
Carlos Weaver,Mister Monarch
Sheree Larson,Team Alarm
Edmundo Peterson,Transcribe Thread
Boyd Morgan,Run Rub
Lora Jacobson,Bite Desk
Brenton Ramos,Sprout Balls
Sheree Larson,Awake Cloud
Victoria Valdez,State Stella
Ina Conner,Volcano Vest
Edward Figueroa,Team Alarm
Traci Davis,Brick Quartz
Dora Farley,Chaos Cool
Darin Barr,Cubic Clark
Heriberto Andersen,Subtract Spade
Lynette Johnson,Dolphin Gamma
Randi Stein,Kitty Prose
Felecia Small,Dolphin Gamma
Young Campos,Run Rub
Essie Stanton,Mystery Monster
Mose Lambert,Letters Plate
Ezekiel Mclaughlin,Blink Dust
Darrick Baldwin,Offer Veil
Nanette Sheppard,Virgo Level
Georgina Barnes,Awake Cloud
Nanette Sheppard,Tictac Joker
Amelia Kent,Abraham Mister
Amelia Kent,Transcribe Thread
Constance Hansen,Number School
Randi Stein,Volcano Vest
Hugo Moses,Cars Clock
Casandra Robbins,Chicken Disgust
Dora Farley,Cracker Creature
Aisha Chung,Cracker Creature
Hugo Moses,Volcano Vest
Ashlee Warren,Brazil Oxygen
Constance Hansen,Infant Igloo
Sheree Larson,System Wine
Sonja Green,Acoustics Advice
Casandra Robbins,Practice Plot
Young Campos,Magic Media
Dylan Carter,Dolphin Gamma
Dylan Carter,William Permit
Essie Stanton,Faithful Writer
Lynette Johnson,Closed Crack
Jamaal Hopkins,Mystery Monster
Ina Conner,Magic Media
Heriberto Andersen,Brick Quartz
Neal Berg,Cubic Clark
Dora Farley,Forego Straw
Essie Stanton,Well-Groomed Wash
Edward Figueroa,Synonymous Body
Edmundo Peterson,Acoustics Advice
Edmundo Peterson,Kitty Prose
Rubin Mullins,Synonymous Body
Tina Sanford,Wash Winter
Ezekiel Mclaughlin,Fork Fuel
Rosalyn Garza,Panoramic Pot
Nanette Sheppard,Tahiti Romeo
Connie Gibson,Industrious Month
Ina Conner,Gainful Swim
Mose Lambert,Letters Plate
